﻿NHI,firstName,lastName,DOB
ABR7945,Chas,McGrah,1986-09-03
ABV7665,Whitney,Padilla,1948-02-12
AFC3291,Hetti,Joskowitz,1989-05-14
AFH7245,Gar,Strawbridge,1982-04-14
AHS3274,John,Sargent,1999-03-07
ALV8722,Sybill,Whitley,1992-05-04
ALX9126,Castor,Wallace,1981-03-04
ASD4088,Schuyler,Willimot,1956-12-05
ASQ6827,Elijah,Parrish,1946-09-19
ATF4152,Aladdin,Beach,1958-11-02
ATJ2108,Hadley,Holland,1950-05-04
AUX6004,Rosalie,Couroy,1977-10-05
AVE3751,Alisa,Morton,1994-11-17
AVI2489,Vladimir,Hickman,2010-11-04
AWH4531,Isaac,Sosa,1980-06-23
AYO9551,Emmanuel,Michael,1993-01-16
BAK4481,Wandis,Clipson,2027-12-10
BBB5629,Ewell,Longmire,1949-08-30
BDF4913,Ingeberg,Perring,1952-06-11
BEW1318,Wayne,Wilkins,1961-04-06
BFX8858,Signe,Wade,1952-08-04
BHD8446,Macon,Nielsen,1960-07-28
BHV1738,Violet,Kelley,1951-10-29
BJE4639,Hedy,Gregory,2006-03-26
BMX7140,Blossom,Chang,1988-10-27
BNI0688,Jana,Rogers,1961-10-04
BPA5053,Caesar,Ruiz,2016-01-06
BRH0055,Chaim,Rowe,1989-11-30
BRJ6961,Sacha,Fisher,1986-12-10
BSG5530,Gil,Lindsay,2005-12-03
BSM6756,Walter,Harrison,1969-08-11
BVF7686,Flin,Gleasane,2008-09-26
BVT6555,Anne,Moran,1961-10-20
BYP8245,Brent,Mclean,2008-11-09
BZB8939,Vera,Green,1982-04-05
CBB1998,Dennis,French,1954-01-18
CBD3031,Fremont,Reddan,1957-11-22
CCB6831,Gilbert,Pattillo,1981-08-05
CCL3254,Darius,Mullen,1995-07-25
CCL9454,Molly,Chaney,1983-07-30
CDF7325,Anne,Bauer,1961-01-08
CEV6132,Rudiger,Endean,1965-02-13
CFB5137,Peter,Stokes,1958-01-09
CFF1238,Daniel,Joyner,1999-07-29
CGP5283,Maile,Haney,1976-06-24
CIA6114,Leigh,Parrish,1980-06-09
CJB3685,Upton,Erickson,1951-01-03
CKC7252,Maggie,Figueroa,1968-04-19
CLZ1078,Arabelle,Bourbon,1969-06-28
CMZ6415,Roddy,Bonney,2008-06-15
CNF6489,Hanan,Ryde,1952-02-12
COG5778,Ruby,Schmidt,1955-09-21
CPQ4201,Rhonda,Sims,2005-03-25
CST7448,Ines,Mitroshinov,1976-05-22
CUE6738,Palmer,Miles,1948-01-25
CWH6717,Eagan,Nicholson,1945-12-28
CXV2605,Alfonso,Powell,1949-02-16
CYC0720,Nahum,Drewet,1962-10-05
CYZ8554,Casper,Ashworth,1966-12-10
DBU4147,Kaseem,Becker,2000-09-02
DGL2513,Serina,Watson,1998-12-29
DHN3921,Tanya,Humphrey,2005-03-16
DKF9415,Daphne,Lester,1983-06-15
DKU3149,Matthew,Mclean,1968-11-01
DMN0585,Madeson,Byrd,1972-01-18
DMU4683,Wynter,Pollard,2006-06-16
DPB3234,Daryl,Eastham,1978-01-26
DPI1851,MacKensie,Higgins,1965-08-15
DPJ4002,Sopoline,Vasquez,1996-03-16
DTM1261,Zachary,Irwin,1984-04-17
DTV1084,Wayne,Chapman,1989-01-30
DVL4543,Ahmed,Sheppard,1978-10-10
DVX6602,Brig,Ovendale,2013-04-28
DWG1643,Kelly,Sloan,1959-07-20
DXC6424,Lunea,Cotton,2012-10-17
DYG7384,Cadman,Turner,1970-07-09
DYW1547,Donovan,Morgan,1969-04-20
EBM4045,Colin,Mckenzie,1950-05-29
ECD6148,Ira,Ingram,1973-11-02
ECP7715,Shirline,Van der Kruys,1992-12-27
EDK2711,Samuel,Foley,1969-09-07
EEN9238,Matthew,Acosta,1976-10-08
EFQ4281,Laura,Cunningham,1964-12-04
EMD9277,Madison,Talley,1984-04-06
EMJ3851,Jade,Morrow,1967-03-21
ERM3814,John,Hopkins,1982-01-07
ETV6899,Abba,Rusk,1961-08-17
EYP7106,Vance,Vang,1959-05-29
FAL1650,Giacomo,Todd,1984-01-11
FBG1062,Nancee,Circuitt,1961-05-09
FBP4625,Malik,Delaney,1950-04-03
FCB1367,Hammett,Hudson,1995-09-10
FDM8849,Rebekkah,Venes,2011-07-30
FEH3925,Wylie,Moss,1989-05-05
FGX7496,Aurora,Reed,2015-07-14
FJR1069,Laith,Garza,1955-07-26
FQI2958,Wilone,Tofanelli,2006-05-24
FQI8242,Dylan,Wilder,1986-03-11
FRM7776,David,Tanner,1968-12-19
FSZ4679,Hiroko,Gibbs,1982-09-30
FTM3215,Olympia,Espinoza,2015-01-17
FVL8648,Ruby,Manklow,1976-10-04
FVN6821,Arsenio,Harrell,1983-02-19
FVS2415,Zachary,Conley,1961-10-09
FXE6502,Odessa,Bass,1977-07-10
FXL2638,Oscar,Patel,1976-05-14
FYC5776,Willa,Travis,1983-04-05
GDR6737,Starlene,Letertre,2005-07-18
GEK5713,Lucias,Karlsson,2007-10-29
GEW4807,Brenna,Reid,1999-12-01
GGV4521,Macaulay,Stephenson,1989-11-16
GGY6578,Whitney,Gonzales,1957-06-24
GIQ8970,Whitney,Lakeland,1986-11-10
GIR5104,Vitia,Goodlake,1957-06-13
GIY3014,Cheyenne,Norris,1967-02-26
GKK6156,Cherokee,Franklin,1693-08-09
GLC3478,Lucy,Craft,1962-08-28
GMC9989,Hank,Solan,2006-09-13
GOZ3094,Andre,Wallen,1987-06-01
GSK8631,Rooney,Cooke,1969-12-20
GSN2762,Abdul,Wilkins,1970-01-07
GXG4649,Timothy,Watts,1975-11-07
GYU2382,Jeanette,Shaffer,2009-06-24
HCC5177,Lila,Knox,1973-09-19
HFP7054,Astra,Baldwin,1995-03-18
HGM6173,Emalia,Killen,1989-10-21
HMJ4782,Finn,Calhoun,1949-07-14
HOW5235,Walter,Thornton,2002-04-18
HPJ9394,Camilla,Booth,1971-05-19
HRC1893,Guinevere,Nixon,1977-01-09
HSJ2841,Kato,Lewis,1990-01-17
HSW3388,Amber,Small,1987-03-28
HYU7651,Kuame,Dillon,1966-06-29
HZS6777,Nayda,Mullins,1993-11-02
IBK1641,Honorato,Walton,1971-07-25
IFU1488,Sharon,Brooks,1949-12-24
IHI1563,Carlos,Maddox,1981-01-17
IHM2476,Christen,Ryan,1973-05-24
IHY2824,Richard,Galloway,1970-04-25
IIV5594,Grant,Kim,1991-01-23
IJN7560,Bevis,Haynes,2016-08-07
ILQ4544,Ezekiel,Stephens,1989-07-15
ILU2707,Callum,Larson,2005-01-23
INN4970,Uta,Cash,1948-06-07
INO3561,Kirby,Vaughn,1994-07-09
INP4811,Neil,Paul,1962-01-15
IQL8976,Karina,Moran,1958-10-12
IQM2249,Peter,Freeman,1969-12-10
IQV7723,Fulton,Cochran,1974-11-24
IRX7078,Azalia,Owen,2010-06-23
ISJ1177,Rad,MacKaig,1948-07-24
IWU6403,Smith,McGettigan,2004-05-19
IXF4149,Adena,Elliott,1952-08-17
IXW6328,Phillip,Morin,1959-06-17
JCS0586,Kyla,Day,1961-12-28
JFQ2455,Jemima,Lyons,1978-09-18
JIB5920,Syman,Badcock,1976-04-07
JJQ6777,Xantha,Holland,1996-03-15
JMD5696,Curran,Francis,1949-10-17
JPH1733,Otto,Moon,2001-11-15
JPV1836,Howard,Lang,2038-05-10
JUE1236,Kareem,Jackson,1992-09-17
JUI5058,Bethany,Farley,1999-11-12
JUK6753,Fleur,Avery,2000-10-11
JVD1165,Luke,Clements,2001-05-19
JVV4307,Faith,Mcdaniel,2016-03-24
JWV9819,Christine,Spencer,2000-01-16
JXH8396,Fredericka,Giles,1963-11-05
JYX6802,Timon,Hunt,1952-12-19
KBK2954,Graiden,Gibson,1983-01-26
KDB2267,Zahir,Pennington,1954-07-14
KDD9523,Menard,Prettjohn,1965-04-17
KEP2131,Daryl,Rivas,2007-02-01
KFJ1154,Hyatt,Young,1960-12-21
KGF1988,Otto,Wagner,1978-05-24
KIU3419,Skyler,Harding,1981-05-18
KJR2749,Arthur,Newton,1991-03-20
KJV9035,Abdul,Lamb,1990-11-06
KMG0747,Omar,Watts,1946-11-20
KMQ6817,Damian,Turner,1945-10-03
KNC4389,Carly,Gates,1959-08-15
KUW8662,Naida,Franklin,1963-08-29
LDK6811,Martin,Sharp,1944-12-15
LEN0375,Kelsey,May,1947-02-20
LFV3925,Efrem,Kippax,1973-05-05
LGC2373,Mariko,Weaver,2017-07-20
LHM3481,Joshua,Houston,1992-11-02
LHP9923,Daquan,O'Neill,1988-06-18
LJK3408,Jeremy,Smith,1962-01-27
LKN0733,Mannix,Harding,1982-12-20
LKO5520,Chiquita,Griffith,2008-03-21
LLO6676,Zorita,Stokes,1970-10-11
LLT8018,Serina,Whitfield,1985-06-10
LMV5416,Scottie,Emms,1961-02-15
LNI6042,Elvis,May,1990-07-18
LOA0155,Jaden,Mckee,1974-10-11
LPN4487,Carly,Castaneda,1978-02-13
LPQ2897,Linda,Wall,1995-07-11
LQH0660,Marvin,Jordan,1970-10-30
LQI3268,Drusy,Skews,1973-10-15
LRK1998,Armand,Rocha,1983-12-18
LTS6784,Rik,Futty,1962-04-29
LUE8702,Lionel,Holt,1970-06-28
LWZ4346,Arthur,Williamson,1973-06-25
LYF9588,Morgan,Whitaker,1947-03-31
LYY7393,Althea,Richard,2006-04-10
LYY9652,Tad,Carter,1992-05-19
LZH3568,Jack,Donaldson,1984-08-05
LZL3518,Nomlanga,Delaney,2001-01-11
MCC6503,Shelby,Norton,1950-04-29
MCE3477,Duncan,Cannon,1945-12-12
MCH7555,Hope,Gilbert,1945-07-21
MEM1717,Gloria,Velazquez,1966-03-13
MEN1963,Althea,Fleming,1977-10-28
MFO6152,Graeme,Fenemore,1956-07-06
MHR6896,Roderigo,Beekmann,1977-06-29
MHS6841,Simon,Reyes,1949-06-22
MIY4234,Maya,Fry,1958-01-17
MJG9740,Colin,Hoover,1990-09-12
MKL3157,Dorothy,Howard,2007-02-01
MKU6257,Ivana,Spence,1956-05-22
MLT4282,Malachi,Martin,2003-03-29
MMH2864,Job,Cawood,1962-04-03
MOX4231,Kelsey,Irwin,1956-11-23
MRF7657,Dai,Hancock,1959-04-09
MRL3058,Otho,Duinkerk,1976-06-01
MRW2671,Grant,Melton,1950-04-26
MSC5721,Marni,Kalisz,1963-02-09
MTM2828,Philip,Gaines,1951-03-29
MUC4203,Kamal,Sawyer,1967-09-01
MUS7753,Regan,Good,1963-06-20
MVZ0833,Maris,Harrison,1958-04-25
MWD2420,Ina,Baker,1985-08-19
MWM8200,Sebastian,Vazquez,1979-09-16
MXC8908,Timotheus,Laven,1975-07-30
MYX8404,Clarke,Conrad,1988-08-20
MZM6800,Burke,Jordan,1964-04-22
NCR0550,Zacharia,Collishaw,2010-05-07
NCV4758,Neil,Morales,2013-08-25
NDT1625,Amal,Henson,1975-11-17
NFF8484,Justine,Mccarty,1957-04-25
NHK9888,Sheri,Corhard,2012-12-23
NIV5772,Horatia,Panton,1992-04-17
NJV1258,Burton,Curry,2009-01-05
NKE1592,Wilma,Cohen,1994-06-27
NKF6834,Omar,Lawrence,1955-01-02
NKK4876,Clinton,Molina,1948-04-12
NKX8076,Donall,Ricciardo,1948-10-21
NLN2523,Nigel,Gross,1951-08-03
NNC5343,Basil,Duran,1957-12-31
NNQ2686,Amos,Carney,1975-05-08
NOC0455,Cullen,Benson,1994-07-14
NOC1733,Rosalyn,Wiggins,1972-07-22
NPF7673,Rufe,Cardenoza,2004-10-17
NPP5525,Kelsie,Meyers,2003-09-04
NST2386,Ruby,Coleman,2002-10-15
NTI5269,Emmanuel,Potter,1959-03-25
NTQ8299,Aluino,Spelling,2008-07-16
NTS8689,Julian,Thompson,1983-01-08
NUO4714,Winifred,Ruiz,1984-10-23
NVC3662,Isabelle,Bradley,1954-06-30
NWM8466,Joshuah,Perrigo,2010-12-26
NWN0936,Illana,Byers,1968-12-12
NXJ3527,Barbara,Donaldson,2008-10-19
NYJ1383,Patricia,Rogers,2012-04-04
NZC2682,Lester,Kidd,1956-07-08
OAG0170,Dale,Romero,1956-09-16
OBR6693,Emyle,Sokale,1979-08-24
OCD6036,Rina,Mccall,1966-01-30
OCV7788,Ocean,Guy,1969-06-12
OCV9864,Cairo,Bennett,1956-05-29
ODR2838,Andra,Francescuccio,1951-04-04
OIE4818,Amos,Vaughan,1995-07-21
OIN4562,Evelyn,Jordan,1963-08-20
OJA7017,Janna,Valentine,1944-11-20
OJC2233,Blinnie,Olivari,1969-10-05
ORK5510,Rama,Joyner,1987-11-09
ORU4816,Dorian,Griffin,1972-03-21
OTG0452,Cairo,Ramos,1980-11-25
OTS6593,Aaron,Buckley,1944-12-29
OUE2696,Axel,Cline,2001-05-13
OUV5216,Laurel,Shaw,1952-09-18
OVN5718,Desirae,Sanders,1981-08-16
OWH2326,Troy,Holman,2017-02-03
OWS2341,Micah,Mckinney,1999-01-21
PBW8725,Chaim,Ellison,1989-09-20
PCM8521,Finn,Kirkland,1958-07-05
PCR8916,Grady,Kerr,1956-02-12
PDM8717,Ira,Cabrera,1988-11-01
PFE1315,Kennedy,Stark,1970-11-06
PGJ7161,Beverie,Robez,1968-02-03
PGK1551,Hammett,Simon,1969-05-28
PIJ0142,Hillary,Barrett,1996-08-10
PJD1217,Lisandra,Duke,2009-05-28
PJD9884,Ulysses,Bowers,2016-04-10
PKI5580,Maia,Salinas,2004-12-29
PKY4584,Rowan,Leon,2006-01-05
PLL2090,Morganne,Baynom,1950-07-26
PMQ6872,Josephine,Gallagher,1952-08-18
PMW6144,Caesar,Cameron,2015-07-15
PMW8225,Wayne,Fitzpatrick,1992-02-28
PNR8977,Winter,Underwood,2007-02-12
PPA8485,Logan,Rodgers,2011-02-20
PST6561,Kai,Higgins,1999-01-30
PTE7179,Gloria,Hanson,1995-04-11
PWW2262,Brenna,Britt,1946-08-28
PZD7227,Shellysheldon,Digges,1975-10-08
QCH4565,Harrison,Atkins,2000-06-22
QDX4955,Spense,Pringuer,1972-02-14
QER2588,Quintessa,Wolfe,2007-04-19
QEY8620,Lyle,Stafford,2009-04-24
QFH0384,Kiona,Hutchinson,1962-06-18
QHH3640,Briar,Wilkerson,1948-08-30
QID3019,Byron,Page,1959-01-31
QIJ3412,Catlee,Mackley,1972-09-27
QKW3183,Ria,Mckenzie,1968-02-16
QMN2456,Adele,Jones,2003-07-31
QNE4372,Elvera,Peasby,2005-10-21
QOK8448,Anjolie,Mcmillan,2003-03-16
QPP6737,Fritz,Patton,1953-05-27
QQB1723,Emmanuel,Battle,2004-07-29
QRY8372,Raven,Delacruz,1980-11-14
QTI8032,Shana,Carter,2014-01-18
QVO8818,Tyler,Beck,1990-11-11
QZO4215,Erich,Brady,1945-01-10
RBB7115,Rebekah,Huffman,2012-09-08
RBV6456,Irene,Vance,1996-06-03
RCF2758,Deanna,Gilmore,1950-06-13
RCG2716,Hector,Stone,2012-05-25
RDF2680,Nasim,Alford,1966-04-21
RDJ3585,Nyssa,Rodgers,1974-09-24
RDJ8501,Carissa,Hanson,1984-11-11
RDO6139,Kaseem,Colon,2001-02-13
RDP2782,Lawrence,Foreman,1953-05-04
REE4187,Grant,Mcdowell,1966-10-30
RFN0147,Madeson,Silva,1973-12-02
RHD9488,Melodie,Jensen,1971-11-16
RHI5163,Hashim,Albert,1982-02-19
RIQ9260,Darlene,Bangham,1990-11-14
RPH7200,Cullen,Dean,2007-06-22
RPT1678,Ciara,Sexton,1992-05-14
RTO7352,Baker,Sharpe,1978-02-21
RUF4855,Carlos,Cotton,2017-07-28
RWC0366,Emerald,Terrell,1945-03-12
RWT4192,Baudoin,Burr,1981-02-16
RXV4118,Anthony,Parker,1972-01-26
SAD5641,Harriet,Woods,2008-07-11
SAR3484,Nayda,Lamb,2008-07-13
SBI4653,David,Roth,1999-02-21
SCM1327,Clayton,Sears,1945-01-25
SDJ2389,Paloma,Short,1964-08-19
SEO7156,Harmony,Goodings,2003-12-11
SFP6274,Silas,Duncan,1958-03-09
SFU0974,Ursa,Fox,1953-02-13
SHN1868,Nasim,Chaney,1997-04-15
SHN9256,Kendra,Slayton,1952-02-20
SIH1511,Gloria,Gay,1985-10-12
SKX2395,Guy,Acevedo,1974-02-12
SLC7321,Porter,Berg,1977-05-05
SLK6563,Rhoda,Battle,1997-04-12
SMH8891,Myrilla,Jeandon,1968-02-08
SNH4563,Sharon,Sharp,1975-09-02
SSE7870,Allistair,Rogers,1981-08-16
STC4935,Kameko,Ross,2017-03-01
STR6583,Chaim,Stanton,2016-10-21
STU8856,Aurelea,Cradoc,1963-07-17
SUX4450,Myles,Lynch,1949-12-28
SVB3812,Laura,Larson,1996-05-13
SXL9274,Samson,Durbann,1967-04-11
TAY6218,Mallory,Fry,2015-09-23
TBC7855,Vina,Dimond,1967-06-04
TBI1992,Eagan,Lindsay,1992-08-16
TBO0453,Magee,Sheppard,1956-03-17
TDW2823,Autumn,Wilder,2003-08-11
TFO9526,Harrison,Monroe,1998-01-23
TFP1576,Gisela,Dillon,1957-08-09
TGS0798,Simona,Gerrets,1989-04-29
TIN8084,Mason,Walsh,1971-08-05
TJQ6800,Griffith,Stone,2011-04-04
TKL8769,Tamara,Parks,1993-01-05
TLA4109,Cullen,Benton,1981-03-20
TMO2119,Laura,Byrd,1961-08-13
TMP2307,Hollee,Fox,1963-05-25
TNH6480,Eyde,Flucker,2009-09-15
TNL4210,Mufutau,Erickson,1989-02-27
TPM1848,Stephen,Wilkerson,2001-05-28
TQE5095,Ralph,Preston,1999-03-31
TRG1534,Wing,Collier,1952-08-31
TTM5072,Thor,Sweeney,1971-11-04
TVN6537,Keane,Sweeney,1960-02-10
TWT8902,Bonny,Tremmil,1974-01-08
TXP4069,Sheffield,Hares,2005-05-23
UAC5446,Kevyn,Bender,1973-03-06
UCB0382,Sean,Salinas,1999-11-15
UCW4182,Cade,Horton,2001-01-27
UFD8227,Ishmael,Webb,1944-10-23
UFH3552,Honorato,Miranda,1986-06-18
UIB7723,Linus,Foreman,1971-10-15
UJR2541,Nell,Fitzpatrick,1994-09-04
UJV1237,Benedict,Bryan,1947-03-27
UKM5655,Hedda,Burch,2011-11-19
UKU8148,Faith,Klein,1986-07-12
ULF2056,Nathan,Herring,1996-06-27
UOF8446,Fulton,White,1978-06-10
UOL2326,Philip,Lowery,2006-05-22
UOM8958,Benedict,Mayer,1998-11-04
UOX5386,Richard,Harvey,1954-11-12
UQE9730,Alexander,Hopkins,1979-04-07
UQQ5895,Hunter,Goodman,1986-05-05
URJ4574,Sawyer,Sloan,1983-05-10
USR0968,Byron,Beard,1961-10-20
USW9545,Courtney,Zamora,1995-07-15
UTI5350,Caleb,Cotton,1990-03-25
UVS4741,Jarrod,Barton,2017-05-08
UVZ6978,Alma,Weeks,1957-09-08
UWH4454,Merrill,Alford,1957-02-19
VFO1193,Daryl,Wyatt,1996-10-05
VFY9388,Cristobal,Guyers,1986-04-23
VGS6267,Kelsey,Villarreal,2007-04-02
VHQ4742,Hyacinth,Douglas,1961-01-27
VHY5558,Dai,Smith,1967-05-02
VJS4726,Hedy,Mitchell,2015-04-15
VMW9821,Owen,Torres,1988-03-08
VNB8771,Wynter,Graham,1969-04-13
VOB3884,Raja,Woodward,1949-01-30
VQX9241,Lisandra,Britt,1981-06-23
VRF1259,Micah,Parsons,1971-02-28
VSI5531,Lester,Copeland,1997-02-13
VSV3481,Beret,Coenraets,1957-02-10
VSW2333,Kylynn,Shepherd,1987-09-09
VTO5733,Philip,Pena,1960-05-15
VUF5132,Regina,Keith,1986-09-07
VWH6907,Leona,Murtell,1965-07-12
VXJ5587,Jeremy,Wilkinson,1983-12-21
VZQ5362,Claudelle,Dignan,1980-07-12
WBJ0841,Lydia,Delacruz,1955-09-05
WBT3114,Tamekah,Mosley,1962-10-09
WCJ4277,Ignatius,Thompson,1950-02-04
WFG0201,Yetta,Odom,1967-01-27
WHD2758,Justin,Richardson,1956-03-04
WHL2345,Ardelia,Parmiter,1970-05-15
WHU5837,Barney,Massenhove,1987-07-26
WJZ1286,Kirestin,Douglas,1957-01-31
WKK8618,Craig,Sawyer,2015-03-15
WLD4774,Melissa,Myers,1954-03-06
WSU4675,Cirillo,Tuckwell,1969-12-24
WYQ7091,Kellie,Rodgers,2002-07-23
XCU8536,Iona,Moody,1987-05-12
XFO5382,Mason,Mcdaniel,2014-02-09
XFR3782,Madeline,Riddle,1968-08-06
XGW4670,Rhea,Solomon,1961-01-14
XIS1281,Quail,Rogers,1997-01-06
XIT2275,Nora,Bradford,1959-07-02
XJN4748,Judah,Dodson,2013-01-30
XJZ7657,Len,Rowe,2006-12-31
XKX1957,Malory,Houndesome,2004-11-28
XLP2514,Pamela,Conley,2014-08-11
XNE7118,Shellie,Gill,1987-12-16
XNE8147,Holly,Cantu,1983-12-25
XPN5456,Mufutau,Curtis,2006-12-26
XRW3573,Driscoll,Young,1944-09-08
XSI5423,Kennan,Higgins,1962-02-11
XSI7349,Gloriana,Brevetor,2010-12-04
XST2677,Graham,Mcbride,1959-02-26
XUA5670,Niki,Cousins,1984-08-22
XUP7645,Warren,Preston,2000-12-02
XVC8410,Cleo,Wade,1992-09-14
YBB1095,Carlye,Greenhead,2016-01-06
YBS8538,Gordy,Bellay,1970-07-24
YCM9535,Howard,Sandoval,1987-08-03
YCX9278,Eugenie,Hugueville,2014-05-26
YDV0095,Elicia,McCay,1948-05-30
YEM0703,Nathan,Little,1984-07-20
YID8327,Ebony,Patel,1960-10-22
YLW8510,Maya,Macdonald,1982-04-21
YSN6005,Clovis,Espadate,1987-01-07
YUR6681,Tara,Hatfield,1967-07-09
YUW3405,Haley,Grant,1966-01-19
YXS8781,Cassandra,Cooke,1983-11-21
YXV1914,Hope,Cooke,2001-06-23
YYS1711,Hedy,Mccray,1960-06-21
ZCP0235,Hammett,Barnett,1982-05-28
ZEE0596,Samuel,Jacobson,1948-05-23
ZIK8925,Chev,Eckels,1951-04-19
ZOR2343,Ifeoma,Holmes,2008-07-18
ZQC8885,Gavin,Jenkins,2007-11-09
ZTG7786,Mona,Barry,2008-05-23
ZVD1841,Shaine,Aguirre,2011-12-02
ZXY3788,Kareem,Rivers,2000-04-22
ZYF6173,Almeria,Crasford,1982-01-11
