﻿surgeonID,firstName,lastName,department
1,Simon,Frampton,General Surgery
2,Peri,Duffy,Cardiothoracic
3,Steve,Renison,Cardiothoracic
4,Richard,Cain,Plastics
5,Philip,Mitchell,Plastics
6,Evelyn,Rae,Orthopaedics
7,Greta,McLean,Plastics
8,Nabaz,Sayeed,Paediatric Surgery
9,John,Martin,General Surgery
10,Michael,Lewis,Paediatric Surgery
11,Karen,Reid,General Surgery
12,Lindsay,Nelson,Orthopaedics
13,Andy,La Salle,Cardiothoracic
14,Andrew,Hood,Paediatric Surgery
15,Robert,Patrick,Orthopaedics
